"ID","condition","freq","amplitude","zscore","isMeterRel"
"1","H_unsyncopated","0.417","0.050252","-0.003387","1"
"1","H_unsyncopated","0.833","0.103952","0.85482","0"
"1","H_unsyncopated","1.25","0.146842","1.540263","1"
"1","H_unsyncopated","1.667","-0.019183","-1.113061","0"
"1","H_unsyncopated","2.083","0.012646","-0.604378","0"
"1","H_unsyncopated","2.5","0.015957","-0.551461","1"
"1","H_unsyncopated","2.917","0.027309","-0.370043","0"
"1","H_unsyncopated","3.333","0.008072","-0.677474","0"
"1","H_unsyncopated","3.75","0.120852","1.124906","0"
"1","H_unsyncopated","4.167","-0.013244","-1.018139","0"
"1","H_unsyncopated","4.583","0.0026","-0.764933","0"
"1","H_unsyncopated","5","0.149509","1.582887","1"
"2","H_unsyncopated","0.417","0.04429","-0.056755","1"
"2","H_unsyncopated","0.833","0.020704","-0.414622","0"
"2","H_unsyncopated","1.25","0.195471","2.237128","1"
"2","H_unsyncopated","1.667","-0.013577","-0.934772","0"
"2","H_unsyncopated","2.083","0.009672","-0.582017","0"
"2","H_unsyncopated","2.5","0.079188","0.47276","1"
"2","H_unsyncopated","2.917","0.035685","-0.187313","0"
"2","H_unsyncopated","3.333","-0.005372","-0.810276","0"
"2","H_unsyncopated","3.75","0.077967","0.454228","0"
"2","H_unsyncopated","4.167","0.000488","-0.721359","0"
"2","H_unsyncopated","4.583","-0.012312","-0.915587","0"
"2","H_unsyncopated","5","0.14416","1.458584","1"
"3","H_unsyncopated","0.417","0.099162","1.105681","1"
"3","H_unsyncopated","0.833","-0.044609","-1.33982","0"
"3","H_unsyncopated","1.25","0.012624","-0.366303","1"
"3","H_unsyncopated","1.667","-0.014423","-0.826359","0"
"3","H_unsyncopated","2.083","-0.018819","-0.901145","0"
"3","H_unsyncopated","2.5","0.079485","0.770993","1"
"3","H_unsyncopated","2.917","-0.0026","-0.625249","0"
"3","H_unsyncopated","3.333","0.004753","-0.500177","0"
"3","H_unsyncopated","3.75","0.127422","1.586381","0"
"3","H_unsyncopated","4.167","0.027069","-0.120591","0"
"3","H_unsyncopated","4.583","0.013431","-0.352567","0"
"3","H_unsyncopated","5","0.126409","1.569156","1"
"4","H_unsyncopated","0.417","0.079726","0.184951","1"
"4","H_unsyncopated","0.833","0.10242","0.468162","0"
"4","H_unsyncopated","1.25","0.295876","2.882421","1"
"4","H_unsyncopated","1.667","0.027891","-0.461931","0"
"4","H_unsyncopated","2.083","0.016331","-0.606194","0"
"4","H_unsyncopated","2.5","0.057191","-0.09627","1"
"4","H_unsyncopated","2.917","0.064196","-0.008849","0"
"4","H_unsyncopated","3.333","0.010077","-0.684232","0"
"4","H_unsyncopated","3.75","0.082029","0.213693","0"
"4","H_unsyncopated","4.167","0.007081","-0.721627","0"
"4","H_unsyncopated","4.583","-0.002318","-0.838924","0"
"4","H_unsyncopated","5","0.038366","-0.3312","1"
"5","H_unsyncopated","0.417","0.062305","0.438006","1"
"5","H_unsyncopated","0.833","0.065847","0.506693","0"
"5","H_unsyncopated","1.25","0.169061","2.50839","1"
"5","H_unsyncopated","1.667","-0.014402","-1.049635","0"
"5","H_unsyncopated","2.083","0.016434","-0.451603","0"
"5","H_unsyncopated","2.5","0.016645","-0.447516","1"
"5","H_unsyncopated","2.917","0.029552","-0.1972","0"
"5","H_unsyncopated","3.333","0.042813","0.059976","0"
"5","H_unsyncopated","3.75","0.07973","0.775928","0"
"5","H_unsyncopated","4.167","-0.011747","-0.998135","0"
"5","H_unsyncopated","4.583","-0.014451","-1.050582","0"
"5","H_unsyncopated","5","0.034857","-0.094323","1"
"6","H_unsyncopated","0.417","0.136065","1.777031","1"
"6","H_unsyncopated","0.833","0.013358","-0.64061","0"
"6","H_unsyncopated","1.25","0.116651","1.39453","1"
"6","H_unsyncopated","1.667","-0.010767","-1.115932","0"
"6","H_unsyncopated","2.083","0.027734","-0.357371","0"
"6","H_unsyncopated","2.5","0.019806","-0.513576","1"
"6","H_unsyncopated","2.917","-0.016279","-1.224532","0"
"6","H_unsyncopated","3.333","0.005322","-0.798934","0"
"6","H_unsyncopated","3.75","0.106449","1.193523","0"
"6","H_unsyncopated","4.167","0.05937","0.26594","0"
"6","H_unsyncopated","4.583","0.029656","-0.319496","0"
"6","H_unsyncopated","5","0.0631","0.339428","1"
"7","H_unsyncopated","0.417","-0.01254","-0.754268","1"
"7","H_unsyncopated","0.833","-0.023996","-0.976598","0"
"7","H_unsyncopated","1.25","0.112311","1.668855","1"
"7","H_unsyncopated","1.667","-0.009143","-0.688335","0"
"7","H_unsyncopated","2.083","-0.016175","-0.824808","0"
"7","H_unsyncopated","2.5","0.07917","1.025644","1"
"7","H_unsyncopated","2.917","-0.009514","-0.69554","0"
"7","H_unsyncopated","3.333","0.001765","-0.476638","0"
"7","H_unsyncopated","3.75","0.090046","1.23672","0"
"7","H_unsyncopated","4.167","0.008976","-0.336689","0"
"7","H_unsyncopated","4.583","-0.001319","-0.536495","0"
"7","H_unsyncopated","5","0.096302","1.358152","1"
"8","H_unsyncopated","0.417","0.132694","1.263175","1"
"8","H_unsyncopated","0.833","0.082467","0.237432","0"
"8","H_unsyncopated","1.25","0.160724","1.835603","1"
"8","H_unsyncopated","1.667","0.098948","0.574001","0"
"8","H_unsyncopated","2.083","0.076344","0.112392","0"
"8","H_unsyncopated","2.5","0.020769","-1.022572","1"
"8","H_unsyncopated","2.917","0.031714","-0.799057","0"
"8","H_unsyncopated","3.333","0.007029","-1.303182","0"
"8","H_unsyncopated","3.75","0.086803","0.325968","0"
"8","H_unsyncopated","4.167","0.041887","-0.591294","0"
"8","H_unsyncopated","4.583","0.011584","-1.210143","0"
"8","H_unsyncopated","5","0.099128","0.577677","1"
"9","H_unsyncopated","0.417","0.030192","-0.39074","1"
"9","H_unsyncopated","0.833","0.126553","1.102504","0"
"9","H_unsyncopated","1.25","0.06768","0.190191","1"
"9","H_unsyncopated","1.667","-0.022387","-1.205512","0"
"9","H_unsyncopated","2.083","0.002774","-0.815614","0"
"9","H_unsyncopated","2.5","0.02243","-0.511013","1"
"9","H_unsyncopated","2.917","0.049756","-0.087563","0"
"9","H_unsyncopated","3.333","0.009491","-0.711523","0"
"9","H_unsyncopated","3.75","0.142587","1.350969","0"
"9","H_unsyncopated","4.167","0.03872","-0.258578","0"
"9","H_unsyncopated","4.583","0.008239","-0.730932","0"
"9","H_unsyncopated","5","0.188846","2.067811","1"
"10","H_unsyncopated","0.417","0.170214","1.846344","1"
"10","H_unsyncopated","0.833","0.002549","-0.632979","0"
"10","H_unsyncopated","1.25","0.181331","2.010739","1"
"10","H_unsyncopated","1.667","-0.028758","-1.095936","0"
"10","H_unsyncopated","2.083","0.000301","-0.666223","0"
"10","H_unsyncopated","2.5","0.037154","-0.121265","1"
"10","H_unsyncopated","2.917","0.04018","-0.076526","0"
"10","H_unsyncopated","3.333","-0.006916","-0.77294","0"
"10","H_unsyncopated","3.75","0.050684","0.07881","0"
"10","H_unsyncopated","4.167","0.001003","-0.65584","0"
"10","H_unsyncopated","4.583","0.016381","-0.428439","0"
"10","H_unsyncopated","5","0.080131","0.514256","1"
"11","H_unsyncopated","0.417","0.069248","0.887323","1"
"11","H_unsyncopated","0.833","0.10934","1.734156","0"
"11","H_unsyncopated","1.25","0.124813","2.060985","1"
"11","H_unsyncopated","1.667","-0.019446","-0.986117","0"
"11","H_unsyncopated","2.083","0.001236","-0.549267","0"
"11","H_unsyncopated","2.5","-0.00196","-0.616774","1"
"11","H_unsyncopated","2.917","-0.000699","-0.590124","0"
"11","H_unsyncopated","3.333","0.012736","-0.306346","0"
"11","H_unsyncopated","3.75","0.001323","-0.547415","0"
"11","H_unsyncopated","4.167","-0.005255","-0.686374","0"
"11","H_unsyncopated","4.583","0.014375","-0.271731","0"
"11","H_unsyncopated","5","0.021165","-0.128316","1"
"12","H_unsyncopated","0.417","-0.079939","-1.361317","1"
"12","H_unsyncopated","0.833","-0.007823","-0.650402","0"
"12","H_unsyncopated","1.25","0.266753","2.056374","1"
"12","H_unsyncopated","1.667","-0.000143","-0.574694","0"
"12","H_unsyncopated","2.083","0.040626","-0.172793","0"
"12","H_unsyncopated","2.5","0.132251","0.730452","1"
"12","H_unsyncopated","2.917","-0.020067","-0.771105","0"
"12","H_unsyncopated","3.333","0.05","-0.08038","0"
"12","H_unsyncopated","3.75","0.036715","-0.211344","0"
"12","H_unsyncopated","4.167","0.011007","-0.464778","0"
"12","H_unsyncopated","4.583","0.043086","-0.148535","0"
"12","H_unsyncopated","5","0.225381","1.648521","1"
"13","H_unsyncopated","0.417","0.137813","1.992589","1"
"13","H_unsyncopated","0.833","0.054441","0.074813","0"
"13","H_unsyncopated","1.25","0.077607","0.607683","1"
"13","H_unsyncopated","1.667","-0.002345","-1.231402","0"
"13","H_unsyncopated","2.083","0.002863","-1.111613","0"
"13","H_unsyncopated","2.5","0.076746","0.587888","1"
"13","H_unsyncopated","2.917","0.045945","-0.120625","0"
"13","H_unsyncopated","3.333","0.037342","-0.318502","0"
"13","H_unsyncopated","3.75","0.097062","1.055192","0"
"13","H_unsyncopated","4.167","0.003898","-1.087812","0"
"13","H_unsyncopated","4.583","0.010039","-0.946555","0"
"13","H_unsyncopated","5","0.072853","0.498342","1"
"14","H_unsyncopated","0.417","0.10033","0.835727","1"
"14","H_unsyncopated","0.833","0.071954","0.298644","0"
"14","H_unsyncopated","1.25","0.069517","0.252517","1"
"14","H_unsyncopated","1.667","0.061458","0.099977","0"
"14","H_unsyncopated","2.083","-0.000322","-1.069341","0"
"14","H_unsyncopated","2.5","0.038094","-0.342242","1"
"14","H_unsyncopated","2.917","-0.013574","-1.320171","0"
"14","H_unsyncopated","3.333","0.042181","-0.264884","0"
"14","H_unsyncopated","3.75","0.089515","0.631033","0"
"14","H_unsyncopated","4.167","0.011163","-0.851969","0"
"14","H_unsyncopated","4.583","0.023146","-0.625157","0"
"14","H_unsyncopated","5","0.180644","2.355866","1"
"1","H_syncopated","0.417","0.149496","1.080905","1"
"1","H_syncopated","0.833","0.174257","1.472218","0"
"1","H_syncopated","1.25","0.138297","0.903924","1"
"1","H_syncopated","1.667","0.005454","-1.195432","0"
"1","H_syncopated","2.083","0.108476","0.432654","0"
"1","H_syncopated","2.5","0.048216","-0.519661","1"
"1","H_syncopated","2.917","0.063942","-0.271132","0"
"1","H_syncopated","3.333","0.028455","-0.831951","0"
"1","H_syncopated","3.75","-0.014629","-1.512813","0"
"1","H_syncopated","4.167","0.092003","0.17232","0"
"1","H_syncopated","4.583","0.028903","-0.82487","0"
"1","H_syncopated","5","0.150314","1.093838","1"
"2","H_syncopated","0.417","0.047227","0.188359","1"
"2","H_syncopated","0.833","0.124764","2.262944","0"
"2","H_syncopated","1.25","0.018809","-0.571977","1"
"2","H_syncopated","1.667","0.000408","-1.064318","0"
"2","H_syncopated","2.083","0.026709","-0.360619","0"
"2","H_syncopated","2.5","0.079784","1.059443","1"
"2","H_syncopated","2.917","0.044789","0.123148","0"
"2","H_syncopated","3.333","-0.012646","-1.413573","0"
"2","H_syncopated","3.75","0.031241","-0.239342","0"
"2","H_syncopated","4.167","0.026683","-0.361295","0"
"2","H_syncopated","4.583","0.022744","-0.466703","0"
"2","H_syncopated","5","0.071729","0.843933","1"
"3","H_syncopated","0.417","-0.00025","-1.354702","1"
"3","H_syncopated","0.833","0.145157","1.552435","0"
"3","H_syncopated","1.25","0.014926","-1.051278","1"
"3","H_syncopated","1.667","0.057178","-0.206523","0"
"3","H_syncopated","2.083","0.13122","1.273796","0"
"3","H_syncopated","2.5","0.049192","-0.366194","1"
"3","H_syncopated","2.917","0.035948","-0.630991","0"
"3","H_syncopated","3.333","0.058309","-0.183927","0"
"3","H_syncopated","3.75","0.003102","-1.287678","0"
"3","H_syncopated","4.167","0.10807","0.81095","0"
"3","H_syncopated","4.583","0.11227","0.894932","0"
"3","H_syncopated","5","0.094977","0.549181","1"
"4","H_syncopated","0.417","-0.052666","-1.324773","1"
"4","H_syncopated","0.833","0.098388","0.225035","0"
"4","H_syncopated","1.25","0.333557","2.637846","1"
"4","H_syncopated","1.667","0.036282","-0.41217","0"
"4","H_syncopated","2.083","0.146079","0.714341","0"
"4","H_syncopated","2.5","0.068329","-0.08337","1"
"4","H_syncopated","2.917","0.13057","0.555215","0"
"4","H_syncopated","3.333","0.021504","-0.563794","0"
"4","H_syncopated","3.75","0.032922","-0.446649","0"
"4","H_syncopated","4.167","0.004011","-0.743274","0"
"4","H_syncopated","4.583","0.040802","-0.365797","0"
"4","H_syncopated","5","0.057682","-0.192612","1"
"5","H_syncopated","0.417","0.022534","-1.190294","1"
"5","H_syncopated","0.833","0.221372","2.215293","0"
"5","H_syncopated","1.25","0.095015","0.051128","1"
"5","H_syncopated","1.667","0.121563","0.505823","0"
"5","H_syncopated","2.083","0.144166","0.89295","0"
"5","H_syncopated","2.5","0.120797","0.4927","1"
"5","H_syncopated","2.917","0.077105","-0.255631","0"
"5","H_syncopated","3.333","0.115817","0.407415","0"
"5","H_syncopated","3.75","0.016816","-1.288235","0"
"5","H_syncopated","4.167","0.061526","-0.522467","0"
"5","H_syncopated","4.583","0.078491","-0.2319","0"
"5","H_syncopated","5","0.029162","-1.076781","1"
"6","H_syncopated","0.417","-0.066613","-1.626051","1"
"6","H_syncopated","0.833","0.0983","1.123449","0"
"6","H_syncopated","1.25","0.004614","-0.438524","1"
"6","H_syncopated","1.667","-0.040886","-1.19712","0"
"6","H_syncopated","2.083","0.007517","-0.390127","0"
"6","H_syncopated","2.5","-0.01505","-0.766376","1"
"6","H_syncopated","2.917","0.022823","-0.13495","0"
"6","H_syncopated","3.333","0.009588","-0.355596","0"
"6","H_syncopated","3.75","0.070407","0.658405","0"
"6","H_syncopated","4.167","0.070374","0.65784","0"
"6","H_syncopated","4.583","0.07025","0.655788","0"
"6","H_syncopated","5","0.139675","1.813262","1"
"7","H_syncopated","0.417","-0.013923","-1.974537","1"
"7","H_syncopated","0.833","0.064935","1.435058","0"
"7","H_syncopated","1.25","0.037405","0.24473","1"
"7","H_syncopated","1.667","0.051097","0.836727","0"
"7","H_syncopated","2.083","0.026542","-0.224929","0"
"7","H_syncopated","2.5","0.034768","0.130709","1"
"7","H_syncopated","2.917","0.032328","0.025201","0"
"7","H_syncopated","3.333","0.022502","-0.399644","0"
"7","H_syncopated","3.75","0.004294","-1.1869","0"
"7","H_syncopated","4.167","0.030673","-0.046319","0"
"7","H_syncopated","4.583","0.022203","-0.412574","0"
"7","H_syncopated","5","0.068113","1.572478","1"
"8","H_syncopated","0.417","0.079137","0.87227","1"
"8","H_syncopated","0.833","0.053493","0.255295","0"
"8","H_syncopated","1.25","0.100168","1.37828","1"
"8","H_syncopated","1.667","-0.026474","-1.668684","0"
"8","H_syncopated","2.083","-0.019292","-1.495885","0"
"8","H_syncopated","2.5","0.049107","0.149766","1"
"8","H_syncopated","2.917","0.014926","-0.672604","0"
"8","H_syncopated","3.333","0.052392","0.228812","0"
"8","H_syncopated","3.75","0.022607","-0.487811","0"
"8","H_syncopated","4.167","0.049845","0.167529","0"
"8","H_syncopated","4.583","0.031602","-0.271401","0"
"8","H_syncopated","5","0.107074","1.544432","1"
"9","H_syncopated","0.417","0.030314","-0.741305","1"
"9","H_syncopated","0.833","0.126093","0.981233","0"
"9","H_syncopated","1.25","0.049748","-0.391792","1"
"9","H_syncopated","1.667","0.110133","0.694199","0"
"9","H_syncopated","2.083","0.040871","-0.551449","0"
"9","H_syncopated","2.5","0.0528","-0.336902","1"
"9","H_syncopated","2.917","0.05017","-0.384216","0"
"9","H_syncopated","3.333","0.045886","-0.46125","0"
"9","H_syncopated","3.75","0.022256","-0.886223","0"
"9","H_syncopated","4.167","0.066511","-0.090328","0"
"9","H_syncopated","4.583","0.044505","-0.486101","0"
"9","H_syncopated","5","0.219112","2.654133","1"
"10","H_syncopated","0.417","0.228181","2.319097","1"
"10","H_syncopated","0.833","0.182722","1.626382","0"
"10","H_syncopated","1.25","0.078598","0.039745","1"
"10","H_syncopated","1.667","0.063065","-0.196936","0"
"10","H_syncopated","2.083","0.042077","-0.516759","0"
"10","H_syncopated","2.5","0.060757","-0.232116","1"
"10","H_syncopated","2.917","0.034568","-0.631179","0"
"10","H_syncopated","3.333","0.033054","-0.654241","0"
"10","H_syncopated","3.75","0.025384","-0.771127","0"
"10","H_syncopated","4.167","0.012689","-0.964566","0"
"10","H_syncopated","4.583","0.051556","-0.372317","0"
"10","H_syncopated","5","0.099222","0.354017","1"
"11","H_syncopated","0.417","0.186979","2.162626","1"
"11","H_syncopated","0.833","0.172399","1.924839","0"
"11","H_syncopated","1.25","0.014336","-0.653171","1"
"11","H_syncopated","1.667","0.028112","-0.428492","0"
"11","H_syncopated","2.083","0.051978","-0.039235","0"
"11","H_syncopated","2.5","0.042053","-0.201114","1"
"11","H_syncopated","2.917","0.048164","-0.101445","0"
"11","H_syncopated","3.333","0.013663","-0.664161","0"
"11","H_syncopated","3.75","0.060214","0.095085","0"
"11","H_syncopated","4.167","0.013053","-0.674106","0"
"11","H_syncopated","4.583","0.001986","-0.854606","0"
"11","H_syncopated","5","0.019668","-0.566221","1"
"12","H_syncopated","0.417","-0.027754","-1.148148","1"
"12","H_syncopated","0.833","0.088718","0.68656","0"
"12","H_syncopated","1.25","0.043283","-0.029154","1"
"12","H_syncopated","1.667","-0.001847","-0.740063","0"
"12","H_syncopated","2.083","0.093322","0.759084","0"
"12","H_syncopated","2.5","0.019668","-0.401151","1"
"12","H_syncopated","2.917","0.084388","0.618346","0"
"12","H_syncopated","3.333","0.00635","-0.610939","0"
"12","H_syncopated","3.75","-0.017706","-0.989883","0"
"12","H_syncopated","4.167","0.006276","-0.612104","0"
"12","H_syncopated","4.583","0.048738","0.056777","0"
"12","H_syncopated","5","0.198169","2.410675","1"
"13","H_syncopated","0.417","0.116768","1.732197","1"
"13","H_syncopated","0.833","0.042536","-0.189111","0"
"13","H_syncopated","1.25","0.057646","0.201963","1"
"13","H_syncopated","1.667","-0.0119","-1.598065","0"
"13","H_syncopated","2.083","0.028825","-0.543989","0"
"13","H_syncopated","2.5","0.012784","-0.959183","1"
"13","H_syncopated","2.917","0.104381","1.411608","0"
"13","H_syncopated","3.333","0.035055","-0.382736","0"
"13","H_syncopated","3.75","0.011731","-0.986442","0"
"13","H_syncopated","4.167","0.046023","-0.098862","0"
"13","H_syncopated","4.583","0.072134","0.576962","0"
"13","H_syncopated","5","0.082129","0.835659","1"
"14","H_syncopated","0.417","0.25117","2.342287","1"
"14","H_syncopated","0.833","0.018","-0.669584","0"
"14","H_syncopated","1.25","0.1372","0.870126","1"
"14","H_syncopated","1.667","0.025739","-0.569622","0"
"14","H_syncopated","2.083","0.052685","-0.221554","0"
"14","H_syncopated","2.5","0.09747","0.356941","1"
"14","H_syncopated","2.917","0.004766","-0.840524","0"
"14","H_syncopated","3.333","0.012751","-0.737389","0"
"14","H_syncopated","3.75","0.030884","-0.503156","0"
"14","H_syncopated","4.167","0.037318","-0.420051","0"
"14","H_syncopated","4.583","0.006645","-0.816257","0"
"14","H_syncopated","5","0.163418","1.208785","1"
"1","L_unsyncopated","0.417","0.085797","0.994296","1"
"1","L_unsyncopated","0.833","-0.013502","-1.273837","0"
"1","L_unsyncopated","1.25","0.107815","1.49722","1"
"1","L_unsyncopated","1.667","0.004966","-0.852007","0"
"1","L_unsyncopated","2.083","0.0619","0.448459","0"
"1","L_unsyncopated","2.5","0.033767","-0.194138","1"
"1","L_unsyncopated","2.917","0.014737","-0.628815","0"
"1","L_unsyncopated","3.333","0.037596","-0.106684","0"
"1","L_unsyncopated","3.75","0.027301","-0.34183","0"
"1","L_unsyncopated","4.167","0.003885","-0.876683","0"
"1","L_unsyncopated","4.583","0.017846","-0.557799","0"
"1","L_unsyncopated","5","0.125091","1.891818","1"
"2","L_unsyncopated","0.417","0.001023","-0.667069","1"
"2","L_unsyncopated","0.833","-0.01048","-0.902858","0"
"2","L_unsyncopated","1.25","0.135874","2.096902","1"
"2","L_unsyncopated","1.667","0.010057","-0.481908","0"
"2","L_unsyncopated","2.083","0.00122","-0.663039","0"
"2","L_unsyncopated","2.5","0.078184","0.914457","1"
"2","L_unsyncopated","2.917","0.02018","-0.274419","0"
"2","L_unsyncopated","3.333","-0.004721","-0.784812","0"
"2","L_unsyncopated","3.75","-0.002062","-0.730317","0"
"2","L_unsyncopated","4.167","0.018921","-0.300226","0"
"2","L_unsyncopated","4.583","0.044367","0.221328","0"
"2","L_unsyncopated","5","0.110263","1.571961","1"
"3","L_unsyncopated","0.417","-0.026076","-1.335891","1"
"3","L_unsyncopated","0.833","-0.00826","-0.876051","0"
"3","L_unsyncopated","1.25","0.078746","1.369674","1"
"3","L_unsyncopated","1.667","0.027092","0.036422","0"
"3","L_unsyncopated","2.083","0.058415","0.844906","0"
"3","L_unsyncopated","2.5","0.037713","0.310552","1"
"3","L_unsyncopated","2.917","-0.010551","-0.935165","0"
"3","L_unsyncopated","3.333","0.023515","-0.055906","0"
"3","L_unsyncopated","3.75","0.067843","1.08825","0"
"3","L_unsyncopated","4.167","-0.017874","-1.124198","0"
"3","L_unsyncopated","4.583","-0.001878","-0.711316","0"
"3","L_unsyncopated","5","0.079485","1.388723","1"
"4","L_unsyncopated","0.417","0.037635","-0.337609","1"
"4","L_unsyncopated","0.833","0.011513","-0.551487","0"
"4","L_unsyncopated","1.25","0.439835","2.955552","1"
"4","L_unsyncopated","1.667","0.077435","-0.01173","0"
"4","L_unsyncopated","2.083","0.047843","-0.25402","0"
"4","L_unsyncopated","2.5","0.05418","-0.202136","1"
"4","L_unsyncopated","2.917","-0.002303","-0.66461","0"
"4","L_unsyncopated","3.333","0.033766","-0.369283","0"
"4","L_unsyncopated","3.75","0.155867","0.630464","0"
"4","L_unsyncopated","4.167","0.013099","-0.538502","0"
"4","L_unsyncopated","4.583","-0.005261","-0.688835","0"
"4","L_unsyncopated","5","0.082799","0.032195","1"
"5","L_unsyncopated","0.417","0.025094","-0.583739","1"
"5","L_unsyncopated","0.833","0.079702","0.206459","0"
"5","L_unsyncopated","1.25","0.255901","2.756099","1"
"5","L_unsyncopated","1.667","0.035004","-0.440339","0"
"5","L_unsyncopated","2.083","0.039487","-0.375471","0"
"5","L_unsyncopated","2.5","0.06473","-0.010194","1"
"5","L_unsyncopated","2.917","0.052544","-0.186522","0"
"5","L_unsyncopated","3.333","0.029979","-0.513054","0"
"5","L_unsyncopated","3.75","0.116516","0.739162","0"
"5","L_unsyncopated","4.167","0.005823","-0.86259","0"
"5","L_unsyncopated","4.583","-0.004324","-1.009425","0"
"5","L_unsyncopated","5","0.084758","0.279614","1"
"6","L_unsyncopated","0.417","-0.022162","-0.91789","1"
"6","L_unsyncopated","0.833","0.049033","0.512792","0"
"6","L_unsyncopated","1.25","0.006884","-0.334201","1"
"6","L_unsyncopated","1.667","-0.032185","-1.1193","0"
"6","L_unsyncopated","2.083","0.01223","-0.22676","0"
"6","L_unsyncopated","2.5","-0.0335","-1.145724","1"
"6","L_unsyncopated","2.917","-0.001001","-0.492639","0"
"6","L_unsyncopated","3.333","0.006711","-0.337683","0"
"6","L_unsyncopated","3.75","0.123419","2.007615","0"
"6","L_unsyncopated","4.167","0.03169","0.164286","0"
"6","L_unsyncopated","4.583","0.035934","0.249573","0"
"6","L_unsyncopated","5","0.105122","1.639932","1"
"7","L_unsyncopated","0.417","0.025368","-0.387514","1"
"7","L_unsyncopated","0.833","0.047954","-0.09623","0"
"7","L_unsyncopated","1.25","0.244279","2.435647","1"
"7","L_unsyncopated","1.667","0.036039","-0.249891","0"
"7","L_unsyncopated","2.083","-0.012319","-0.873526","0"
"7","L_unsyncopated","2.5","0.009372","-0.593801","1"
"7","L_unsyncopated","2.917","0.026111","-0.377929","0"
"7","L_unsyncopated","3.333","0.005485","-0.643928","0"
"7","L_unsyncopated","3.75","0.153017","1.258698","0"
"7","L_unsyncopated","4.167","0.004642","-0.654796","0"
"7","L_unsyncopated","4.583","0.003908","-0.664261","0"
"7","L_unsyncopated","5","0.121134","0.84753","1"
"8","L_unsyncopated","0.417","0.188598","1.512134","1"
"8","L_unsyncopated","0.833","0.043153","-0.381411","0"
"8","L_unsyncopated","1.25","0.241951","2.206739","1"
"8","L_unsyncopated","1.667","0.048894","-0.306676","0"
"8","L_unsyncopated","2.083","0.005055","-0.877406","0"
"8","L_unsyncopated","2.5","0.049691","-0.296295","1"
"8","L_unsyncopated","2.917","0.025069","-0.616848","0"
"8","L_unsyncopated","3.333","0.016742","-0.725265","0"
"8","L_unsyncopated","3.75","0.078988","0.085125","0"
"8","L_unsyncopated","4.167","0.002814","-0.906588","0"
"8","L_unsyncopated","4.583","0.030895","-0.541006","0"
"8","L_unsyncopated","5","0.137547","0.847497","1"
"9","L_unsyncopated","0.417","0.007412","-0.66651","1"
"9","L_unsyncopated","0.833","0.08961","0.37548","0"
"9","L_unsyncopated","1.25","0.207466","1.86949","1"
"9","L_unsyncopated","1.667","-0.020975","-1.026361","0"
"9","L_unsyncopated","2.083","0.005826","-0.686612","0"
"9","L_unsyncopated","2.5","0.095485","0.449961","1"
"9","L_unsyncopated","2.917","0.018422","-0.526932","0"
"9","L_unsyncopated","3.333","0.023919","-0.457254","0"
"9","L_unsyncopated","3.75","0.069706","0.123173","0"
"9","L_unsyncopated","4.167","-0.010222","-0.890045","0"
"9","L_unsyncopated","4.583","0.022151","-0.47967","0"
"9","L_unsyncopated","5","0.211078","1.91528","1"
"10","L_unsyncopated","0.417","0.157122","2.03455","1"
"10","L_unsyncopated","0.833","0.021813","-0.490299","0"
"10","L_unsyncopated","1.25","0.124471","1.425298","1"
"10","L_unsyncopated","1.667","0.030162","-0.334509","0"
"10","L_unsyncopated","2.083","-0.007313","-1.033794","0"
"10","L_unsyncopated","2.5","-0.003043","-0.954115","1"
"10","L_unsyncopated","2.917","0.037967","-0.188869","0"
"10","L_unsyncopated","3.333","0.004195","-0.819054","0"
"10","L_unsyncopated","3.75","0.021046","-0.504621","0"
"10","L_unsyncopated","4.167","0.018449","-0.553073","0"
"10","L_unsyncopated","4.583","0.068136","0.374079","0"
"10","L_unsyncopated","5","0.104059","1.044406","1"
"11","L_unsyncopated","0.417","0.104891","1.107594","1"
"11","L_unsyncopated","0.833","0.043668","0.153075","0"
"11","L_unsyncopated","1.25","0.205525","2.676588","1"
"11","L_unsyncopated","1.667","-0.018966","-0.823451","0"
"11","L_unsyncopated","2.083","-0.015632","-0.771476","0"
"11","L_unsyncopated","2.5","0.027725","-0.095496","1"
"11","L_unsyncopated","2.917","0.006172","-0.43153","0"
"11","L_unsyncopated","3.333","-0.002414","-0.565395","0"
"11","L_unsyncopated","3.75","0.009714","-0.376296","0"
"11","L_unsyncopated","4.167","-0.004639","-0.600077","0"
"11","L_unsyncopated","4.583","0.002027","-0.496157","0"
"11","L_unsyncopated","5","0.048129","0.222623","1"
"12","L_unsyncopated","0.417","0.095826","0.108724","1"
"12","L_unsyncopated","0.833","0.046402","-0.349786","0"
"12","L_unsyncopated","1.25","0.264253","1.671217","1"
"12","L_unsyncopated","1.667","0.049147","-0.324321","0"
"12","L_unsyncopated","2.083","0.017189","-0.620791","0"
"12","L_unsyncopated","2.5","0.07538","-0.08096","1"
"12","L_unsyncopated","2.917","0.070508","-0.126156","0"
"12","L_unsyncopated","3.333","0.02635","-0.535805","0"
"12","L_unsyncopated","3.75","0.008403","-0.702304","0"
"12","L_unsyncopated","4.167","0.025208","-0.546403","0"
"12","L_unsyncopated","4.583","-0.010929","-0.881646","0"
"12","L_unsyncopated","5","0.341543","2.388232","1"
"13","L_unsyncopated","0.417","0.044179","0.005008","1"
"13","L_unsyncopated","0.833","0.035439","-0.163751","0"
"13","L_unsyncopated","1.25","0.1899","2.818941","1"
"13","L_unsyncopated","1.667","0.022135","-0.420658","0"
"13","L_unsyncopated","2.083","0.033886","-0.193737","0"
"13","L_unsyncopated","2.5","0.073372","0.568746","1"
"13","L_unsyncopated","2.917","-0.013995","-1.118349","0"
"13","L_unsyncopated","3.333","0.007497","-0.703321","0"
"13","L_unsyncopated","3.75","0.061693","0.34322","0"
"13","L_unsyncopated","4.167","0.008188","-0.689991","0"
"13","L_unsyncopated","4.583","0.040558","-0.064913","0"
"13","L_unsyncopated","5","0.024179","-0.381194","1"
"14","L_unsyncopated","0.417","0.340842","2.325359","1"
"14","L_unsyncopated","0.833","0.070469","-0.144297","0"
"14","L_unsyncopated","1.25","0.173712","0.798746","1"
"14","L_unsyncopated","1.667","0.022456","-0.582866","0"
"14","L_unsyncopated","2.083","-0.024339","-1.010306","0"
"14","L_unsyncopated","2.5","0.065165","-0.192751","1"
"14","L_unsyncopated","2.917","-0.016689","-0.940426","0"
"14","L_unsyncopated","3.333","0.029469","-0.518803","0"
"14","L_unsyncopated","3.75","0.17805","0.838369","0"
"14","L_unsyncopated","4.167","0.011673","-0.681358","0"
"14","L_unsyncopated","4.583","0.007052","-0.72357","0"
"14","L_unsyncopated","5","0.177341","0.831902","1"
"1","L_syncopated","0.417","0.151934","1.356473","1"
"1","L_syncopated","0.833","0.008518","-0.818225","0"
"1","L_syncopated","1.25","0.153023","1.372987","1"
"1","L_syncopated","1.667","-0.006596","-1.047396","0"
"1","L_syncopated","2.083","0.013695","-0.739713","0"
"1","L_syncopated","2.5","0.102605","0.608474","1"
"1","L_syncopated","2.917","0.031308","-0.472645","0"
"1","L_syncopated","3.333","0.017958","-0.675083","0"
"1","L_syncopated","3.75","-0.012925","-1.143374","0"
"1","L_syncopated","4.167","0.133698","1.07995","0"
"1","L_syncopated","4.583","0.024606","-0.574269","0"
"1","L_syncopated","5","0.131909","1.05282","1"
"2","L_syncopated","0.417","-0.025586","-1.536345","1"
"2","L_syncopated","0.833","0.018222","-0.202396","0"
"2","L_syncopated","1.25","0.070045","1.375588","1"
"2","L_syncopated","1.667","0.004746","-0.612759","0"
"2","L_syncopated","2.083","0.018744","-0.186527","0"
"2","L_syncopated","2.5","0.030511","0.171788","1"
"2","L_syncopated","2.917","0.0209","-0.120855","0"
"2","L_syncopated","3.333","0.022849","-0.061533","0"
"2","L_syncopated","3.75","0.055833","0.942822","0"
"2","L_syncopated","4.167","-0.002979","-0.84797","0"
"2","L_syncopated","4.583","-0.004212","-0.885522","0"
"2","L_syncopated","5","0.08936","1.963708","1"
"3","L_syncopated","0.417","0.115012","0.933347","1"
"3","L_syncopated","0.833","0.035324","-0.846116","0"
"3","L_syncopated","1.25","0.065665","-0.168586","1"
"3","L_syncopated","1.667","0.007366","-1.470441","0"
"3","L_syncopated","2.083","0.027594","-1.018738","0"
"3","L_syncopated","2.5","0.05799","-0.33997","1"
"3","L_syncopated","2.917","0.07628","0.068442","0"
"3","L_syncopated","3.333","0.036132","-0.828079","0"
"3","L_syncopated","3.75","0.094666","0.479013","0"
"3","L_syncopated","4.167","0.118066","1.001546","0"
"3","L_syncopated","4.583","0.080366","0.159685","0"
"3","L_syncopated","5","0.164117","2.029896","1"
"4","L_syncopated","0.417","0.112573","0.672317","1"
"4","L_syncopated","0.833","0.000063","-1.14941","0"
"4","L_syncopated","1.25","0.233394","2.628628","1"
"4","L_syncopated","1.667","0.100823","0.482068","0"
"4","L_syncopated","2.083","0.053838","-0.2787","0"
"4","L_syncopated","2.5","0.055275","-0.255428","1"
"4","L_syncopated","2.917","0.082788","0.19005","0"
"4","L_syncopated","3.333","0.08246","0.184743","0"
"4","L_syncopated","3.75","0.004867","-1.071631","0"
"4","L_syncopated","4.167","0.050939","-0.325639","0"
"4","L_syncopated","4.583","0.029369","-0.674892","0"
"4","L_syncopated","5","0.046216","-0.402108","1"
"5","L_syncopated","0.417","0.100162","0.114701","1"
"5","L_syncopated","0.833","0.113328","0.312656","0"
"5","L_syncopated","1.25","0.256306","2.462314","1"
"5","L_syncopated","1.667","0.07631","-0.243907","0"
"5","L_syncopated","2.083","0.152127","0.895995","0"
"5","L_syncopated","2.5","0.119442","0.404576","1"
"5","L_syncopated","2.917","0.065713","-0.40322","0"
"5","L_syncopated","3.333","0.087727","-0.072242","0"
"5","L_syncopated","3.75","-0.00235","-1.42654","0"
"5","L_syncopated","4.167","0.025269","-1.011291","0"
"5","L_syncopated","4.583","0.067701","-0.373335","0"
"5","L_syncopated","5","0.048654","-0.659706","1"
"6","L_syncopated","0.417","0.031365","-0.437828","1"
"6","L_syncopated","0.833","0.078327","0.347036","0"
"6","L_syncopated","1.25","0.067378","0.164037","1"
"6","L_syncopated","1.667","0.027385","-0.504348","0"
"6","L_syncopated","2.083","0.102916","0.757984","0"
"6","L_syncopated","2.5","-0.014687","-1.207482","1"
"6","L_syncopated","2.917","0.066966","0.157153","0"
"6","L_syncopated","3.333","0.054091","-0.05801","0"
"6","L_syncopated","3.75","0.042292","-0.255209","0"
"6","L_syncopated","4.167","0.0395","-0.301876","0"
"6","L_syncopated","4.583","-0.016658","-1.240424","0"
"6","L_syncopated","5","0.211875","2.578967","1"
"7","L_syncopated","0.417","0.092126","-0.04575","1"
"7","L_syncopated","0.833","0.21289","1.571434","0"
"7","L_syncopated","1.25","0.205598","1.473785","1"
"7","L_syncopated","1.667","0.001747","-1.256034","0"
"7","L_syncopated","2.083","0.128231","0.437744","0"
"7","L_syncopated","2.5","0.066013","-0.395434","1"
"7","L_syncopated","2.917","0.156213","0.812455","0"
"7","L_syncopated","3.333","0.009639","-1.15035","0"
"7","L_syncopated","3.75","0.041649","-0.721695","0"
"7","L_syncopated","4.167","0.043924","-0.691231","0"
"7","L_syncopated","4.583","0.030693","-0.868406","0"
"7","L_syncopated","5","0.157783","0.833482","1"
"8","L_syncopated","0.417","0.157867","1.670139","1"
"8","L_syncopated","0.833","0.071336","0.225821","0"
"8","L_syncopated","1.25","0.071783","0.233288","1"
"8","L_syncopated","1.667","-0.018277","-1.269929","0"
"8","L_syncopated","2.083","0.020569","-0.621545","0"
"8","L_syncopated","2.5","0.046217","-0.193441","1"
"8","L_syncopated","2.917","0.016692","-0.686261","0"
"8","L_syncopated","3.333","0.037522","-0.338584","0"
"8","L_syncopated","3.75","0.039352","-0.308034","0"
"8","L_syncopated","4.167","0.030829","-0.45029","0"
"8","L_syncopated","4.583","0.028696","-0.485894","0"
"8","L_syncopated","5","0.191094","2.224731","1"
"9","L_syncopated","0.417","0.037736","-0.524235","1"
"9","L_syncopated","0.833","0.048038","-0.335624","0"
"9","L_syncopated","1.25","0.142699","1.397423","1"
"9","L_syncopated","1.667","0.042662","-0.434046","0"
"9","L_syncopated","2.083","0.120546","0.991843","0"
"9","L_syncopated","2.5","0.063091","-0.06004","1"
"9","L_syncopated","2.917","0.071668","0.096998","0"
"9","L_syncopated","3.333","-0.000863","-1.230901","0"
"9","L_syncopated","3.75","0.012119","-0.993233","0"
"9","L_syncopated","4.167","0.036834","-0.540749","0"
"9","L_syncopated","4.583","0.040287","-0.477532","0"
"9","L_syncopated","5","0.181626","2.110096","1"
"10","L_syncopated","0.417","0.182797","1.606936","1"
"10","L_syncopated","0.833","0.240685","2.355787","0"
"10","L_syncopated","1.25","0.041359","-0.222748","1"
"10","L_syncopated","1.667","0.001424","-0.739361","0"
"10","L_syncopated","2.083","0.010381","-0.623484","0"
"10","L_syncopated","2.5","0.039234","-0.250242","1"
"10","L_syncopated","2.917","0.011332","-0.61119","0"
"10","L_syncopated","3.333","0.00972","-0.632036","0"
"10","L_syncopated","3.75","0.054801","-0.048854","0"
"10","L_syncopated","4.167","0.016834","-0.540008","0"
"10","L_syncopated","4.583","0.001128","-0.74319","0"
"10","L_syncopated","5","0.093239","0.448389","1"
"11","L_syncopated","0.417","0.119861","1.240562","1"
"11","L_syncopated","0.833","0.082374","0.566687","0"
"11","L_syncopated","1.25","0.168463","2.114265","1"
"11","L_syncopated","1.667","0.002039","-0.877457","0"
"11","L_syncopated","2.083","0.057319","0.116291","0"
"11","L_syncopated","2.5","0.015872","-0.628777","1"
"11","L_syncopated","2.917","0.052253","0.025224","0"
"11","L_syncopated","3.333","-0.002096","-0.951782","0"
"11","L_syncopated","3.75","-0.001782","-0.946135","0"
"11","L_syncopated","4.167","0.000049","-0.913216","0"
"11","L_syncopated","4.583","0.022241","-0.514289","0"
"11","L_syncopated","5","0.093608","0.768626","1"
"12","L_syncopated","0.417","0.175207","0.671585","1"
"12","L_syncopated","0.833","0.21657","1.077312","0"
"12","L_syncopated","1.25","0.32317","2.122922","1"
"12","L_syncopated","1.667","0.003909","-1.008633","0"
"12","L_syncopated","2.083","0.084237","-0.220712","0"
"12","L_syncopated","2.5","0.007763","-0.970828","1"
"12","L_syncopated","2.917","0.092492","-0.139745","0"
"12","L_syncopated","3.333","0.009923","-0.949644","0"
"12","L_syncopated","3.75","0.011493","-0.93424","0"
"12","L_syncopated","4.167","0.091144","-0.152958","0"
"12","L_syncopated","4.583","0.063033","-0.428697","0"
"12","L_syncopated","5","0.201923","0.933638","1"
"13","L_syncopated","0.417","0.129305","1.635299","1"
"13","L_syncopated","0.833","0.071131","0.165164","0"
"13","L_syncopated","1.25","0.096296","0.801118","1"
"13","L_syncopated","1.667","-0.006629","-1.799928","0"
"13","L_syncopated","2.083","0.07328","0.219484","0"
"13","L_syncopated","2.5","0.060642","-0.099895","1"
"13","L_syncopated","2.917","0.084907","0.513298","0"
"13","L_syncopated","3.333","0.027133","-0.946724","0"
"13","L_syncopated","3.75","0.013395","-1.293901","0"
"13","L_syncopated","4.167","0.100335","0.903191","0"
"13","L_syncopated","4.583","0.086158","0.544921","0"
"13","L_syncopated","5","0.03919","-0.642029","1"
"14","L_syncopated","0.417","0.254282","2.34812","1"
"14","L_syncopated","0.833","0.026927","-0.636872","0"
"14","L_syncopated","1.25","0.141351","0.865422","1"
"14","L_syncopated","1.667","0.035549","-0.523675","0"
"14","L_syncopated","2.083","0.0689","-0.085791","0"
"14","L_syncopated","2.5","0.001069","-0.976358","1"
"14","L_syncopated","2.917","0.02119","-0.712192","0"
"14","L_syncopated","3.333","0.087365","0.156629","0"
"14","L_syncopated","3.75","0.03558","-0.523256","0"
"14","L_syncopated","4.167","0.020673","-0.718981","0"
"14","L_syncopated","4.583","0.041339","-0.44765","0"
"14","L_syncopated","5","0.170993","1.254603","1"